column_label,STNAME,AGENCY,POP,GROUP,total_arrests_race_data,total_White_arrests,total_African_American_arrests,total_violent_arrests,total_marijuana_possession_arrests_race_data,total_White_marijuana_possession_arrests,total_African_American_marijuana_possession_arrests,total_marijuana_possession_and_sale_arrests_race_data,total_White_marijuana_possession_and_sale_arrests,total_African_American_marijuana_possession_and_sale_arrests,total_non_violent_non_drug_misdemeanor_arrests_race_data,total_White_non_drug_misdemeanor_arrests,total_African_American_non_drug_misdemeanor_arrests
UCR_2009,ALASKA,ANCHORAGE,283300,1C,21487,11886,3014,6015,369,243,52,415,266,65,1574,728,140
UCR_2009,ARIZ,MESA,470833,1C,29420,24200,3121,6374,1213,979,166,1262,1013,180,3589,2965,302
UCR_2009,ARIZ,PHOENIX,1597397,1A,88604,68354,14342,22152,3078,2358,594,3482,2644,691,11240,8539,1580
UCR_2009,ARIZ,TUCSON,547981,1B,64487,54371,6888,10196,3368,2846,383,3504,2943,415,13268,10909,1285
UCR_2009,CALIF,ANAHEIM,335970,1C,13164,12193,762,3041,462,431,28,527,490,34,1255,1196,46
UCR_2009,CALIF,BAKERSFIELD,330897,1C,24274,18141,5984,7147,495,328,165,642,397,243,2349,1922,409
UCR_2009,CALIF,FRESNO,481370,1C,42283,32798,9302,8695,680,510,168,903,657,244,4110,3380,707
UCR_2009,CALIF,LONG BEACH,463969,1C,36636,23452,12787,6097,1660,951,695,2050,1115,911,3365,2603,720
UCR_2009,CALIF,LOS ANGELES,3848776,1A,146833,103730,42851,30623,5547,3670,1869,6728,4359,2358,10693,9341,1336
UCR_2009,CALIF,OAKLAND,404553,1C,23739,5707,17831,4805,153,50,101,639,129,502,1739,834,890
UCR_2009,CALIF,RIVERSIDE,299871,1C,13268,10770,2455,3404,379,303,75,487,383,102,1048,860,187
UCR_2009,CALIF,SACRAMENTO,470308,1C,32808,17865,14572,8409,905,414,482,1195,536,649,2321,1614,679
UCR_2009,CALIF,SAN DIEGO,1314773,1A,71014,50840,18310,11459,2743,1958,749,3164,2233,884,8752,7184,1341
UCR_2009,CALIF,SAN FRANCISCO,809755,1B,47160,24978,22092,8450,518,320,198,1459,877,577,2348,1750,592
UCR_2009,CALIF,SAN JOSE,954009,1B,39879,34662,4237,9432,1360,1168,160,1689,1449,197,4223,3776,346
UCR_2009,CALIF,SANTA ANA,339196,1C,13489,12414,1016,2596,504,488,12,560,542,14,1184,1157,21
UCR_2009,CALIF,STOCKTON,292212,1C,16486,10706,5387,5054,20,14,6,106,57,46,2379,1787,551
UCR_2009,COLO,AURORA,324014,1C,25298,14036,10819,5256,822,394,416,875,416,445,4104,2233,1790
UCR_2009,COLO,COLORADO SPRINGS,401626,1C,23107,17918,4667,6097,626,497,118,658,526,121,2246,1747,433
UCR_2009,COLO,DENVER,604680,1B,13271,9097,3968,4435,68,46,21,219,115,100,524,441,72
UCR_2009,GA,ATLANTA,552901,1B,64487,7928,56236,11740,5041,330,4699,5119,344,4763,11994,1945,9988
UCR_2009,ILL,CHICAGO,2848431,1A,145422,40327,104021,49732,NA,NA,NA,NA,NA,NA,19554,8419,10998
UCR_2009,IND,INDIANAPOLIS,813471,1B,72671,32355,40281,18256,2317,797,1519,2664,902,1761,9829,5039,4788
UCR_2009,KANS,WICHITA,367635,1C,16822,10683,5805,6252,927,545,372,959,565,383,1571,1033,510
UCR_2009,KY,LOUISVILLE METRO,631260,1B,47851,24836,22859,10962,5507,2664,2828,6185,2960,3209,6188,3690,2478
UCR_2009,MASS,BOSTON,624222,1B,23281,9751,13160,9328,302,88,211,677,202,465,1549,782,743
UCR_2009,MD,BALTIMORE,638755,1B,123222,16481,106012,13841,6811,505,6265,7020,515,6464,2176,268,1894
UCR_2009,MICH,DETROIT,908441,1B,30597,2562,27967,8652,1360,56,1302,1904,69,1831,1693,141,1549
UCR_2009,MINN,MINNEAPOLIS,382618,1C,30727,7348,20348,5450,1183,273,838,1193,273,848,7846,2044,4691
UCR_2009,MINN,ST. PAUL,280194,1C,16590,4942,9304,4295,465,116,307,485,118,324,2555,764,1420
UCR_2009,MO,KANSAS CITY,484684,1C,45261,19024,25951,12856,1310,426,881,1312,426,883,3008,1102,1880
UCR_2009,MO,ST. LOUIS,355208,1C,31925,6309,25527,10216,583,48,533,590,51,537,5019,1285,3719
UCR_2009,N C,CHARLOTTE-MECKLENBURG,777708,1B,37534,11295,25929,9852,2047,538,1484,2491,606,1859,1989,684,1295
UCR_2009,N C,GREENSBORO,253191,1C,29333,8957,20022,7696,1546,439,1083,1887,492,1369,2117,781,1319
UCR_2009,N J,NEWARK,279203,1C,36503,7454,29038,2665,1278,215,1063,1543,263,1279,1790,594,1196
UCR_2009,N MEX,ALBUQUERQUE,530636,1B,37617,30737,2779,11255,148,126,8,212,183,14,3023,2285,162
UCR_2009,N Y,BUFFALO,268655,1C,25101,9334,15565,6355,2396,621,1769,2464,627,1830,1181,462,695
UCR_2009,NEBR,LINCOLN,254438,1C,20485,16020,3929,3937,931,677,237,932,677,238,4253,3459,658
UCR_2009,NEV,HENDERSON,261883,1C,13729,11253,2016,3327,568,462,86,576,467,89,883,746,106
UCR_2009,NEV,LAS VEGAS METRO PD,1377282,1A,129581,83931,40860,27030,5375,3081,2156,6174,3409,2606,11996,9070,2503
UCR_2009,OHIO,CLEVELAND,429238,1C,20340,4213,16075,5836,1073,123,949,1151,128,1022,689,173,513
UCR_2009,OHIO,COLUMBUS,759391,1B,18399,7566,10730,5452,395,129,263,429,141,285,1217,700,507
UCR_2009,OKLA,OKLAHOMA CITY,556939,1B,28476,16136,10869,7573,1592,804,728,1639,825,754,4387,2460,1517
UCR_2009,OKLA,TULSA,384851,1C,21755,13093,7607,6433,835,441,370,1115,566,520,3750,2312,1063
UCR_2009,PA,PHILADELPHIA,1547605,1A,119850,36819,82093,22293,5382,901,4451,7301,1397,5865,25476,7099,18114
UCR_2009,PA,PITTSBURGH,312232,1C,22827,10185,12554,5289,1067,296,769,1263,364,896,2609,1632,951
UCR_2009,TENN,MEMPHIS,667421,1B,59209,8348,50563,16772,3004,260,2743,4096,330,3762,6639,1033,5556
UCR_2009,TEXAS,ARLINGTON,379104,1C,25610,15551,9741,6757,1531,846,665,1547,848,679,3745,2732,979
UCR_2009,TEXAS,AUSTIN,768970,1B,64819,47460,16886,12314,2427,1657,757,2483,1694,776,10130,8767,1273
UCR_2009,TEXAS,CORPUS CHRISTI,287507,1C,22458,20431,2002,4007,1116,1022,92,1129,1034,93,5060,4761,295
UCR_2009,TEXAS,DALLAS,1290266,1A,76192,38398,37217,11449,2223,846,1369,2289,873,1406,19884,12907,6773
UCR_2009,TEXAS,EL PASO,618812,1B,31987,29677,2266,9259,2222,2038,181,2239,2053,183,5092,4912,177
UCR_2009,TEXAS,FORT WORTH,723456,1B,48778,29552,18911,12472,1344,787,550,1464,831,625,12118,8712,3320
UCR_2009,TEXAS,HOUSTON,2273771,1A,169312,83095,84440,27207,6991,3134,3812,6991,3134,3812,29059,18205,10528
UCR_2009,TEXAS,PLANO,272747,1C,13506,9943,3091,2350,402,320,63,415,330,66,1631,1391,189
UCR_2009,TEXAS,SAN ANTONIO,1373936,1A,91475,77932,13489,24774,7475,6301,1169,7527,6341,1181,4912,4403,503
UCR_2009,VA,VIRGINIA BEACH,436175,1C,29981,18424,11181,6165,991,625,358,1128,702,415,6893,4899,1932
UCR_2009,WASH,SEATTLE,602531,1B,24888,12954,9535,6973,83,32,43,152,62,77,557,339,165
UCR_2009,WIS,MILWAUKEE,604673,1B,64911,17254,47143,13088,3042,680,2344,3800,812,2964,17938,5346,12486
UCR_2010,ALASKA,ANCHORAGE,291826,1C,21737,11590,3052,5578,481,299,78,541,332,89,1805,807,186
UCR_2010,ARIZ,MESA,439041,1C,30278,24960,3142,6238,1417,1146,164,1491,1216,167,3458,2826,292
UCR_2010,ARIZ,PHOENIX,1445632,1A,77011,59555,12307,19603,2656,2023,525,3194,2457,619,9656,7435,1287
UCR_2010,ARIZ,TUCSON,520116,1B,59265,50043,6236,9890,2886,2419,333,3002,2518,347,10467,8595,999
UCR_2010,CALIF,ANAHEIM,336265,1C,12011,11111,715,2801,305,280,22,352,322,24,1047,983,48
UCR_2010,CALIF,BAKERSFIELD,347483,1C,25307,19579,5606,6544,454,296,156,631,415,213,2427,1972,440
UCR_2010,CALIF,FRESNO,494665,1C,36330,28759,7359,7841,775,601,171,1019,785,230,3133,2569,544
UCR_2010,CALIF,LONG BEACH,462257,1C,31976,21170,10479,5523,1325,842,475,1631,1005,616,2705,2091,586
UCR_2010,CALIF,LOS ANGELES,3792621,1A,132051,95466,36385,28145,4179,2928,1247,5107,3448,1655,10037,8812,1212
UCR_2010,CALIF,OAKLAND,390724,1C,19417,4872,14341,4042,103,34,68,641,153,479,1482,744,726
UCR_2010,CALIF,RIVERSIDE,303871,1C,11229,9456,1738,2941,298,233,64,372,292,79,848,738,110
UCR_2010,CALIF,SACRAMENTO,466488,1C,31122,17824,12940,8127,775,399,370,992,495,489,2159,1509,618
UCR_2010,CALIF,SAN DIEGO,1307402,1A,71069,52315,16966,10898,2598,1976,585,3181,2362,763,8577,7049,1333
UCR_2010,CALIF,SAN FRANCISCO,805235,1B,26470,14319,11184,5941,235,142,90,745,467,248,651,472,160
UCR_2010,CALIF,SAN JOSE,945942,1B,36969,32091,3857,8392,1288,1125,137,1587,1375,179,3529,3129,314
UCR_2010,CALIF,SANTA ANA,324528,1C,14070,12813,1164,2515,548,527,20,622,597,23,1190,1148,31
UCR_2010,CALIF,STOCKTON,291707,1C,11830,7794,3789,3992,10,6,4,79,51,24,2025,1488,514
UCR_2010,COLO,AURORA,325078,1C,23620,13458,9692,4929,714,357,349,780,390,381,3814,2167,1564
UCR_2010,COLO,COLORADO SPRINGS,416427,1C,26600,20737,5364,6095,640,511,122,691,552,132,2012,1539,420
UCR_2010,COLO,DENVER,600158,1B,11434,7690,3541,3975,45,27,18,128,79,48,489,396,83
UCR_2010,GA,ATLANTA,420003,1C,55267,6569,48469,10821,4489,291,4188,4552,296,4246,10323,1485,8781
UCR_2010,ILL,CHICAGO,2695598,1A,135068,37790,96299,44983,NA,NA,NA,NA,NA,NA,17972,7799,10071
UCR_2010,IND,INDIANAPOLIS,831388,1B,37285,16471,20786,9262,1536,504,1032,1804,565,1239,4794,2391,2398
UCR_2010,KANS,WICHITA,382368,1C,16657,10516,5781,5626,1029,577,437,1062,588,459,1411,908,474
UCR_2010,KY,LOUISVILLE METRO,660582,1B,40774,21785,18830,11060,2955,1472,1478,3690,1808,1876,6816,3822,2964
UCR_2010,MASS,BOSTON,617594,1B,20862,9091,11479,8312,208,65,143,614,206,399,1399,677,706
UCR_2010,MD,BALTIMORE,620961,1B,104803,13766,90465,12295,6763,403,6335,6909,406,6478,2199,343,1839
UCR_2010,MICH,DETROIT,713777,1B,27040,2492,24496,8680,1292,67,1223,1616,85,1529,1579,168,1408
UCR_2010,MINN,MINNEAPOLIS,382578,1C,27936,6569,18493,4888,1147,256,840,1160,257,852,7710,1998,4467
UCR_2010,MINN,ST. PAUL,285461,1C,16940,5190,9403,4167,552,155,359,567,161,368,2479,809,1287
UCR_2010,MO,KANSAS CITY,459787,1C,16175,6285,9771,6290,1052,338,709,1087,347,735,1666,701,952
UCR_2010,MO,ST. LOUIS,319294,1C,29992,6718,23206,8691,85,4,81,102,4,98,3813,1028,2769
UCR_2010,N C,CHARLOTTE-MECKLENBURG,779541,1B,35128,10230,24579,9993,1883,439,1432,2392,552,1823,2050,718,1322
UCR_2010,N C,GREENSBORO,269666,1C,28064,8624,19123,6935,1282,345,919,1606,395,1191,2601,956,1598
UCR_2010,N J,NEWARK,277140,1C,29227,5518,23677,2468,1155,186,969,1455,250,1205,1101,313,787
UCR_2010,N MEX,ALBUQUERQUE,545852,1B,38029,30791,2896,11905,129,99,16,191,154,23,3189,2342,196
UCR_2010,N Y,BUFFALO,261310,1C,24391,8789,15430,6421,2274,538,1726,2401,546,1845,1160,455,696
UCR_2010,NEBR,LINCOLN,258379,1C,18913,14918,3563,3842,782,606,170,782,606,170,3704,3000,598
UCR_2010,NEV,HENDERSON,257729,1C,13135,10782,1895,3335,500,399,81,505,401,84,895,723,125
UCR_2010,NEV,LAS VEGAS METRO PD,1446280,1A,122563,79004,38859,25432,5684,3251,2264,6587,3659,2737,10506,7593,2497
UCR_2010,OHIO,CLEVELAND,396815,1C,19659,4119,15514,5812,1091,126,963,1220,143,1075,741,161,574
UCR_2010,OHIO,COLUMBUS,787033,1B,15718,7011,8626,5135,240,87,151,256,93,159,802,425,372
UCR_2010,OKLA,OKLAHOMA CITY,579999,1B,27617,16222,9955,7244,1444,796,611,1478,811,629,4841,2708,1659
UCR_2010,OKLA,TULSA,391906,1C,17180,10419,5778,5740,561,301,247,711,362,329,3425,2101,939
UCR_2010,PA,PHILADELPHIA,1526006,1A,129778,38584,89891,25345,5533,923,4557,8054,1479,6503,23696,6565,16832
UCR_2010,PA,PITTSBURGH,307630,1C,21294,9213,11998,5735,1028,303,722,1255,367,884,1757,1057,689
UCR_2010,TENN,MEMPHIS,646889,1B,62122,8426,53408,16177,3316,281,3024,4439,354,4074,8359,1338,6984
UCR_2010,TEXAS,ARLINGTON,365438,1C,23242,14181,8739,5507,1398,753,633,1413,759,642,3672,2602,1008
UCR_2010,TEXAS,AUSTIN,790390,1B,55698,41519,13642,11011,2481,1746,723,2532,1774,745,7605,6594,931
UCR_2010,TEXAS,CORPUS CHRISTI,305215,1C,20962,18997,1921,3908,1115,994,119,1122,1000,120,4431,4162,263
UCR_2010,TEXAS,DALLAS,1197816,1A,74058,37876,35661,12159,2185,812,1363,2252,836,1406,17496,11704,5635
UCR_2010,TEXAS,EL PASO,649121,1B,30283,28264,1955,9434,2057,1886,170,2084,1909,174,4383,4225,146
UCR_2010,TEXAS,FORT WORTH,741206,1B,45218,27044,17865,11505,1285,701,576,1346,730,608,11125,7613,3406
UCR_2010,TEXAS,HOUSTON,2099451,1A,161807,78679,81391,27553,7014,3100,3846,7014,3100,3846,29459,18054,11120
UCR_2010,TEXAS,PLANO,259841,1C,11739,8639,2674,2106,384,306,68,413,326,74,1488,1267,172
UCR_2010,TEXAS,SAN ANTONIO,1327407,1A,84714,71836,12851,21278,7438,6211,1226,7467,6235,1231,3374,3059,315
UCR_2010,VA,VIRGINIA BEACH,437994,1C,29990,18610,11050,6625,950,561,381,1092,646,437,6944,5065,1821
UCR_2010,WASH,SEATTLE,608660,1B,25501,13295,9847,7067,80,39,38,153,67,73,665,441,167
UCR_2010,WIS,MILWAUKEE,594833,1B,63995,16735,46774,11869,3646,759,2872,4470,890,3563,16365,4888,11355
UCR_2011,ALASKA,ANCHORAGE,296955,1C,20228,10992,2778,5502,387,251,52,431,279,62,1719,791,164
UCR_2011,ARIZ,MESA,445256,1C,29691,24577,3018,6575,1491,1204,209,1542,1245,218,3432,2751,309
UCR_2011,ARIZ,PHOENIX,1466097,1A,73606,57075,11970,19410,2188,1666,442,2716,2064,564,8285,6377,1141
UCR_2011,ARIZ,TUCSON,527479,1B,52358,43923,5764,8881,2236,1875,272,2353,1975,286,8606,6966,971
UCR_2011,CALIF,ANAHEIM,340218,1C,10561,9676,708,2711,20,20,0,45,42,3,1113,1042,55
UCR_2011,CALIF,BAKERSFIELD,351568,1C,22166,17306,4724,6108,58,44,14,203,142,60,1912,1514,380
UCR_2011,CALIF,FRESNO,500480,1B,32065,25865,6056,7549,307,256,48,534,431,99,2669,2211,437
UCR_2011,CALIF,LONG BEACH,467691,1C,27336,18262,8835,5333,27,21,6,276,141,131,2288,1671,591
UCR_2011,CALIF,LOS ANGELES,3837207,1A,118859,86790,31763,27784,661,500,160,1364,930,430,9682,8401,1259
UCR_2011,CALIF,OAKLAND,395317,1C,12736,3748,8846,3436,19,11,8,242,68,172,1114,624,477
UCR_2011,CALIF,RIVERSIDE,307443,1C,10502,8885,1588,2930,41,37,3,87,74,12,659,566,92
UCR_2011,CALIF,SACRAMENTO,471972,1C,26624,16001,10283,7184,195,124,69,368,213,148,1798,1271,501
UCR_2011,CALIF,SAN DIEGO,1316919,1A,58610,43257,13806,10161,267,216,47,575,424,137,7729,6469,1095
UCR_2011,CALIF,SAN FRANCISCO,814701,1B,23493,12694,9840,5829,52,38,10,334,204,97,2567,1793,652
UCR_2011,CALIF,SAN JOSE,957062,1B,24831,21780,2501,7232,30,23,7,263,237,24,2824,2543,238
UCR_2011,CALIF,SANTA ANA,328343,1C,12851,11853,928,2511,129,126,3,182,177,4,1103,1074,26
UCR_2011,CALIF,STOCKTON,295136,1C,8449,5577,2686,3132,3,1,2,45,27,17,1504,1119,349
UCR_2011,COLO,AURORA,330740,1C,22669,12319,9904,4877,677,300,368,764,361,394,3417,1786,1549
UCR_2011,COLO,COLORADO SPRINGS,423680,1C,24667,19612,4559,5891,499,414,77,542,446,86,1785,1380,348
UCR_2011,COLO,DENVER,610612,1B,11606,7655,3729,4276,46,28,17,113,62,48,358,286,64
UCR_2011,GA,ATLANTA,425533,1C,43616,5320,38119,10250,2802,204,2595,2948,211,2734,8811,1303,7482
UCR_2011,ILL,CHICAGO,2703713,1A,123573,33438,89245,42802,NA,NA,NA,NA,NA,NA,14861,6574,8193
UCR_2011,IND,INDIANAPOLIS,833024,1B,60883,27622,33113,18712,2686,1003,1682,3244,1136,2107,8271,4232,3989
UCR_2011,KANS,WICHITA,384796,1C,15712,9857,5560,5548,848,475,370,892,498,390,1168,737,397
UCR_2011,KY,LOUISVILLE METRO,665152,1B,48968,27181,21590,10862,4652,2356,2276,5375,2681,2670,5807,3322,2465
UCR_2011,MASS,BOSTON,621359,1B,18527,8238,10027,7822,87,29,57,431,128,298,1320,686,610
UCR_2011,MD,BALTIMORE,626848,1B,92171,10980,80788,12074,6466,354,6081,6596,358,6207,2215,336,1869
UCR_2011,MICH,DETROIT,713239,1B,23571,1922,21599,7586,1124,47,1075,1352,57,1292,1064,87,972
UCR_2011,MINN,MINNEAPOLIS,385531,1C,25961,7519,15745,5265,897,267,589,901,269,591,7556,2401,4031
UCR_2011,MINN,ST. PAUL,287665,1C,14900,4583,8424,4180,505,136,329,516,138,338,2412,678,1458
UCR_2011,MO,KANSAS CITY,461458,1C,16891,6504,10295,6671,824,199,623,852,206,644,1505,594,901
UCR_2011,MO,ST. LOUIS,320454,1C,34901,8273,26489,9208,48,2,46,80,5,75,4161,1196,2945
UCR_2011,N C,CHARLOTTE-MECKLENBURG,789478,1B,33447,9491,23645,9923,1826,404,1398,2190,459,1704,1848,620,1206
UCR_2011,N C,GREENSBORO,273086,1C,23807,6925,16604,6409,1090,282,800,1303,323,969,2288,800,1460
UCR_2011,N J,NEWARK,278064,1C,19164,3637,15335,2207,734,125,600,867,157,700,302,101,198
UCR_2011,N MEX,ALBUQUERQUE,551961,1B,35302,28688,2519,11185,139,115,14,181,149,21,2989,2152,184
UCR_2011,N Y,BUFFALO,262484,1C,20534,7300,13074,5388,1928,401,1521,2028,415,1607,971,402,557
UCR_2011,NEBR,LINCOLN,260685,1C,18371,14295,3595,3906,782,595,176,782,595,176,3390,2719,563
UCR_2011,NEV,HENDERSON,259902,1C,11551,9424,1711,2994,391,319,57,393,320,57,616,520,74
UCR_2011,NEV,LAS VEGAS METRO PD,1458474,1A,115550,73582,37379,23874,5331,2991,2187,6061,3372,2510,10216,7264,2534
UCR_2011,OHIO,CLEVELAND,397106,1C,16743,3301,13422,5556,763,67,693,870,72,795,539,126,411
UCR_2011,OHIO,COLUMBUS,787609,1B,17235,7226,9918,4949,373,95,278,398,102,296,810,424,383
UCR_2011,OKLA,OKLAHOMA CITY,586208,1B,23318,13906,8278,6878,1140,569,546,1184,595,563,3641,2150,1150
UCR_2011,OKLA,TULSA,396101,1C,18117,10904,6233,5877,566,274,280,726,322,386,3510,2191,958
UCR_2011,PA,PHILADELPHIA,1530873,1A,119474,36808,81430,24809,4812,821,3942,7157,1408,5672,17015,4859,11914
UCR_2011,PA,PITTSBURGH,308609,1C,21021,9481,11387,5250,960,292,664,1163,349,809,2608,1643,937
UCR_2011,TENN,MEMPHIS,652725,1B,63492,9407,53707,16714,2620,216,2393,3567,305,3245,9236,1480,7699
UCR_2011,TEXAS,ARLINGTON,373128,1C,24048,14529,9201,5534,1575,856,699,1630,870,740,3145,2237,864
UCR_2011,TEXAS,AUSTIN,807022,1B,55842,41164,14159,10850,2435,1674,741,2487,1700,767,7655,6632,962
UCR_2011,TEXAS,CORPUS CHRISTI,311637,1C,20834,18937,1854,4000,1079,980,97,1085,986,97,4343,4061,270
UCR_2011,TEXAS,DALLAS,1223021,1A,65626,32797,32423,11930,2000,748,1243,2050,766,1275,12245,8015,4115
UCR_2011,TEXAS,EL PASO,662780,1B,27677,25794,1818,8941,1744,1606,136,1831,1686,142,3632,3481,143
UCR_2011,TEXAS,FORT WORTH,756803,1B,38910,23689,14947,10083,1188,630,551,1268,670,590,8388,6068,2260
UCR_2011,TEXAS,HOUSTON,2143628,1A,139031,66324,71220,24943,6554,2785,3713,6554,2785,3713,23961,14555,9135
UCR_2011,TEXAS,PLANO,265309,1C,11984,8738,2768,2071,504,359,123,525,371,130,1443,1199,193
UCR_2011,TEXAS,SAN ANTONIO,1355339,1A,75365,64917,10425,22320,5261,4449,811,5274,4461,812,2910,2652,256
UCR_2011,VA,VIRGINIA BEACH,443226,1C,29371,17726,11295,6433,902,527,362,1040,593,431,6322,4203,2078
UCR_2011,WASH,SEATTLE,618209,1B,21591,11938,7778,6926,56,28,24,110,62,43,655,418,193
UCR_2011,WIS,MILWAUKEE,597426,1B,59341,13400,45284,12046,2752,463,2267,3387,546,2817,15481,3838,11440
UCR_2012,ALASKA,ANCHORAGE,299143,1C,19554,10170,2704,5607,386,251,50,422,273,57,1723,714,233
UCR_2012,ARIZ,MESA,451391,1C,31782,26139,3264,7223,1419,1128,200,1499,1199,208,4196,3313,423
UCR_2012,ARIZ,PHOENIX,1485509,1A,73038,55633,12303,20785,1936,1475,370,2394,1831,458,8872,6740,1242
UCR_2012,ARIZ,TUCSON,531535,1B,41601,34742,4716,8177,2013,1670,261,2100,1749,267,6627,5378,715
UCR_2012,CALIF,ANAHEIM,344526,1C,10268,9091,765,2811,11,11,0,32,29,3,958,885,40
UCR_2012,CALIF,BAKERSFIELD,355696,1C,22436,17445,4750,6080,33,19,14,177,102,75,1616,1279,325
UCR_2012,CALIF,FRESNO,506011,1B,36711,28368,6173,7067,317,249,43,533,362,76,2324,1802,443
UCR_2012,CALIF,LONG BEACH,469893,1C,25291,16641,8178,5332,28,20,8,273,146,123,2218,1652,529
UCR_2012,CALIF,LOS ANGELES,3855122,1A,124590,86955,36761,27135,1036,730,299,1782,1131,643,8873,7231,1509
UCR_2012,CALIF,OAKLAND,399487,1C,10668,2851,7368,3654,13,4,8,181,49,126,917,460,418
UCR_2012,CALIF,RIVERSIDE,313532,1C,11168,9405,1659,2988,25,25,0,51,50,1,574,481,90
UCR_2012,CALIF,SACRAMENTO,476557,1C,24421,13348,9633,6430,158,86,61,325,151,145,1648,1077,477
UCR_2012,CALIF,SAN DIEGO,1338477,1A,54031,38008,13096,10589,216,163,39,435,307,101,6049,4792,997
UCR_2012,CALIF,SAN FRANCISCO,820363,1B,20482,11007,8550,4646,38,28,10,294,186,93,2449,1752,568
UCR_2012,CALIF,SAN JOSE,976459,1B,21293,16568,2418,6956,132,109,12,334,245,28,1858,1520,185
UCR_2012,CALIF,SANTA ANA,332482,1C,14052,12724,938,2427,180,176,2,209,205,2,911,863,35
UCR_2012,CALIF,STOCKTON,299105,1C,8913,5352,2994,3308,11,8,1,86,54,24,1414,930,373
UCR_2012,COLO,AURORA,336952,1C,24566,13489,10600,5213,617,293,316,700,341,347,3919,2128,1714
UCR_2012,COLO,COLORADO SPRINGS,432287,1C,17321,13751,3254,4079,293,229,58,319,248,63,1262,998,243
UCR_2012,COLO,DENVER,628545,1B,13090,9056,3842,4092,34,25,8,122,79,42,683,574,100
UCR_2012,GA,ATLANTA,437041,1C,45758,6201,39335,10417,3145,202,2930,3397,209,3173,9022,1329,7668
UCR_2012,ILL,CHICAGO,2708382,1A,116798,30490,85461,40654,NA,NA,NA,NA,NA,NA,13842,5566,8167
UCR_2012,IND,INDIANAPOLIS,838650,1B,49378,22741,26491,14653,739,268,470,892,315,576,6638,3409,3189
UCR_2012,KANS,WICHITA,386409,1C,14357,9142,4929,5532,729,367,346,752,381,355,1101,729,354
UCR_2012,KY,LOUISVILLE METRO,666200,1B,47423,26292,20985,10421,4644,2278,2352,5401,2587,2798,4658,2755,1886
UCR_2012,MASS,BOSTON,630648,1B,19129,8936,9972,7302,81,20,60,488,157,324,1043,435,592
UCR_2012,MD,BALTIMORE,625474,1B,85666,11289,74066,13089,5732,341,5372,5826,344,5463,2241,322,1911
UCR_2012,MICH,DETROIT,707096,1B,21635,1905,19685,6459,1062,53,1007,1378,67,1309,1114,154,960
UCR_2012,MINN,MINNEAPOLIS,390240,1C,41033,12172,24944,7851,1465,470,943,1479,472,955,12216,3726,6791
UCR_2012,MINN,ST. PAUL,290700,1C,22247,7225,12181,5631,830,213,557,840,218,561,3642,1288,1968
UCR_2012,MO,KANSAS CITY,464073,1C,14092,5779,8215,5697,664,189,470,686,191,490,1289,517,756
UCR_2012,MO,ST. LOUIS,318667,1C,32390,8014,24293,7642,71,6,65,114,9,105,4104,1220,2868
UCR_2012,N C,CHARLOTTE-MECKLENBURG,808504,1B,30694,8282,22165,10347,1695,374,1313,2106,431,1663,1333,419,906
UCR_2012,N C,GREENSBORO,276134,1C,29586,8484,20750,7336,1837,511,1302,2196,571,1597,2662,920,1709
UCR_2012,N J,NEWARK,278906,1C,24134,4640,19485,2160,1231,217,1014,1420,242,1178,525,120,405
UCR_2012,N MEX,ALBUQUERQUE,553684,1B,33880,27627,2418,11738,126,95,17,167,130,20,2728,2008,181
UCR_2012,N Y,BUFFALO,262434,1C,21506,8548,12813,5738,2078,497,1566,2156,502,1639,1065,454,597
UCR_2012,NEBR,LINCOLN,264175,1C,17851,13695,3743,4511,824,615,197,824,615,197,2859,2227,564
UCR_2012,NEV,HENDERSON,263469,1C,11218,9038,1775,2850,277,222,46,277,222,46,201,172,18
UCR_2012,NEV,LAS VEGAS METRO PD,1479393,1A,105567,66388,34966,22588,4433,2418,1893,5322,2824,2350,8608,6085,2178
UCR_2012,OHIO,CLEVELAND,393781,1C,15636,3252,12367,5214,685,71,614,763,74,689,493,133,359
UCR_2012,OHIO,COLUMBUS,797384,1B,17638,7353,10223,4516,410,93,317,442,98,343,829,413,412
UCR_2012,OKLA,OKLAHOMA CITY,595607,1B,24712,14906,8500,6737,1370,754,562,1402,771,576,3463,1967,1185
UCR_2012,OKLA,TULSA,398904,1C,18522,11276,6281,5886,666,348,296,884,420,435,3364,2085,937
UCR_2012,PA,PHILADELPHIA,1538957,1A,122838,41453,80246,23498,4251,736,3479,6578,1268,5250,20950,6651,14078
UCR_2012,PA,PITTSBURGH,312112,1C,22289,10334,11836,5607,976,289,682,1157,341,811,3290,2009,1253
UCR_2012,TENN,MEMPHIS,657436,1B,60623,8430,51872,16076,2907,217,2681,3862,283,3565,9250,1640,7540
UCR_2012,TEXAS,ARLINGTON,379295,1C,24577,14734,9530,5417,1775,928,823,1825,948,853,3110,2079,1002
UCR_2012,TEXAS,AUSTIN,832901,1B,50392,37566,12360,10360,2260,1567,683,2298,1595,693,5967,5195,724
UCR_2012,TEXAS,CORPUS CHRISTI,312565,1C,22134,20002,2094,4179,1051,942,106,1055,945,107,4738,4455,275
UCR_2012,TEXAS,DALLAS,1241549,1A,60039,29480,30159,11512,2170,790,1371,2203,805,1389,10553,6879,3601
UCR_2012,TEXAS,EL PASO,675536,1B,28569,26447,2052,8918,1867,1718,146,1980,1818,159,3812,3634,167
UCR_2012,TEXAS,FORT WORTH,770101,1B,40111,24504,15293,10484,1258,655,594,1312,683,619,7516,5196,2261
UCR_2012,TEXAS,HOUSTON,2177273,1A,130105,60973,67688,23072,6437,2754,3629,6437,2754,3629,21665,12875,8511
UCR_2012,TEXAS,PLANO,273816,1C,12217,8930,2841,2061,407,284,105,427,299,110,1390,1157,197
UCR_2012,TEXAS,SAN ANTONIO,1380123,1A,85014,73477,11433,25169,6328,5382,929,6352,5401,934,3058,2748,304
UCR_2012,VA,VIRGINIA BEACH,447588,1C,29468,17731,11349,6154,1120,619,484,1264,696,551,5868,3909,1909
UCR_2012,WASH,SEATTLE,626865,1B,15093,8001,5656,6122,55,35,17,111,64,39,463,274,147
UCR_2012,WIS,MILWAUKEE,599395,1B,57161,12457,43980,14206,2673,445,2211,3234,503,2711,13590,3323,10077
UCR_2013,ALASKA,ANCHORAGE,299455,1C,18869,9630,2702,5645,284,171,43,320,200,46,1927,854,232
UCR_2013,ARIZ,MESA,456155,1C,30155,24652,3184,6748,1451,1140,219,1508,1180,234,3851,3002,378
UCR_2013,ARIZ,PHOENIX,1502139,1A,82664,62417,14362,22877,2132,1616,434,2658,2000,561,8404,6068,1294
UCR_2013,ARIZ,TUCSON,525486,1B,41289,34228,4864,9145,2669,2257,325,2688,2273,327,5716,4518,673
UCR_2013,CALIF,ANAHEIM,345320,1C,10914,9618,892,2819,32,32,0,61,58,2,810,742,40
UCR_2013,CALIF,BAKERSFIELD,361859,1C,23083,17873,4955,5956,35,28,7,171,97,72,2046,1608,417
UCR_2013,CALIF,FRESNO,508876,1B,41272,31569,7260,7596,406,323,47,613,432,78,1863,1421,369
UCR_2013,CALIF,LONG BEACH,469665,1C,23268,15296,7587,4571,29,23,5,280,137,141,1913,1360,522
UCR_2013,CALIF,LOS ANGELES,3878725,1A,113228,80046,32486,24768,509,406,99,1021,715,302,9286,7194,1969
UCR_2013,CALIF,OAKLAND,403887,1C,9885,2617,6812,3420,15,7,7,159,35,117,785,346,403
UCR_2013,CALIF,RIVERSIDE,316423,1C,11793,9945,1727,2891,33,29,3,66,57,8,561,458,101
UCR_2013,CALIF,SACRAMENTO,478182,1C,26724,14768,10343,6131,114,73,37,366,171,152,1909,1269,536
UCR_2013,CALIF,SAN DIEGO,1349306,1A,55436,39458,12952,10385,114,97,8,357,255,77,5141,4228,747
UCR_2013,CALIF,SAN FRANCISCO,833863,1B,20502,10594,8888,4769,20,13,7,243,128,97,2167,1499,548
UCR_2013,CALIF,SAN JOSE,992143,1B,25268,20098,2642,6282,231,186,25,372,292,33,1904,1613,182
UCR_2013,CALIF,SANTA ANA,332848,1C,12680,11598,778,2066,170,166,3,210,203,4,1005,959,31
UCR_2013,CALIF,STOCKTON,299796,1C,9560,5745,3087,3190,10,7,3,80,44,27,1438,932,393
UCR_2013,COLO,AURORA,343484,1C,23739,13137,10136,5582,295,172,116,377,231,135,4384,2110,2188
UCR_2013,COLO,COLORADO SPRINGS,436108,1C,18343,14548,3444,4505,186,146,36,202,158,38,1266,1011,228
UCR_2013,COLO,DENVER,648981,1B,28546,19922,7833,7520,355,268,84,416,307,104,4084,2684,1133
UCR_2013,GA,ATLANTA,451020,1C,39657,5232,34241,9125,2957,212,2737,3164,231,2925,7821,1164,6625
UCR_2013,ILL,CHICAGO,2720554,1A,112862,28621,83484,38407,NA,NA,NA,NA,NA,NA,14201,5190,8933
UCR_2013,IND,INDIANAPOLIS,850220,1B,39493,17967,21370,14744,NA,NA,NA,NA,NA,NA,5682,2750,2889
UCR_2013,KANS,WICHITA,386486,1C,13668,8948,4435,5296,627,339,282,653,355,289,986,615,348
UCR_2013,KY,LOUISVILLE METRO,671120,1B,48046,27706,20147,11294,4137,2166,1959,4804,2445,2341,4313,2542,1748
UCR_2013,MASS,BOSTON,643799,1B,17646,8105,9239,6989,65,15,47,409,124,275,1155,496,648
UCR_2013,MD,BALTIMORE,622671,1B,81711,11882,69535,12531,5403,303,5088,5458,304,5142,1923,288,1629
UCR_2013,MICH,DETROIT,699889,1B,19649,1621,17989,6506,998,27,970,1268,44,1222,857,94,758
UCR_2013,MINN,MINNEAPOLIS,396206,1C,25113,8120,14880,4878,862,275,560,882,286,569,6611,2374,3565
UCR_2013,MINN,ST. PAUL,294690,1C,14210,4661,7545,3881,474,116,308,486,117,319,1698,622,900
UCR_2013,MO,KANSAS CITY,465514,1C,13764,5464,8214,5429,789,240,545,815,243,568,1386,586,795
UCR_2013,MO,ST. LOUIS,318563,1C,29797,7102,22511,6857,73,7,57,101,9,83,4135,1160,2944
UCR_2013,N C,CHARLOTTE-MECKLENBURG,837638,1B,24049,6072,17723,6804,1135,230,892,1670,311,1338,892,272,612
UCR_2013,N C,GREENSBORO,279343,1C,20659,5518,14896,6498,865,223,631,1024,251,761,1670,468,1179
UCR_2013,N J,NEWARK,278246,1C,21726,4452,17245,2295,1315,197,1115,1495,226,1266,959,245,714
UCR_2013,N MEX,ALBUQUERQUE,558165,1B,30952,25200,2125,11949,85,72,4,104,88,5,1995,1420,125
UCR_2013,N Y,BUFFALO,258789,1C,22785,9338,13182,6231,2093,489,1591,2171,497,1661,1090,417,659
UCR_2013,NEBR,LINCOLN,267565,1C,16890,13044,3397,4226,911,681,219,911,681,219,2347,1826,453
UCR_2013,NEV,HENDERSON,268237,1C,10744,8515,1807,2870,325,245,65,325,245,65,176,150,18
UCR_2013,NEV,LAS VEGAS METRO PD,1500455,1A,92480,57024,31803,21794,3064,1609,1380,3577,1809,1679,7381,5037,2040
UCR_2013,OHIO,CLEVELAND,389181,1C,12954,2996,9931,5044,390,42,348,443,49,393,518,132,386
UCR_2013,OHIO,COLUMBUS,816364,1B,14770,6826,7874,4047,401,118,283,421,126,295,630,322,303
UCR_2013,OKLA,OKLAHOMA CITY,605034,1B,27182,15976,9738,6445,1703,857,777,1776,907,798,3294,1764,1159
UCR_2013,OKLA,TULSA,394498,1C,19429,11737,6737,6145,689,337,329,875,399,448,3098,1884,921
UCR_2013,PA,PHILADELPHIA,1553153,1A,120660,38544,80988,21878,4317,688,3598,6568,1169,5350,20606,5270,15127
UCR_2013,PA,PITTSBURGH,307632,1C,23906,10408,13362,5635,1177,315,858,1365,376,983,3491,2077,1377
UCR_2013,TENN,MEMPHIS,657691,1B,58679,7286,51053,15784,2599,202,2389,3431,260,3162,7739,1026,6613
UCR_2013,TEXAS,ARLINGTON,378765,1C,22022,12893,8849,4826,1693,855,823,1721,861,845,2594,1758,791
UCR_2013,TEXAS,AUSTIN,859180,1B,46722,34265,12021,9403,2717,1921,775,2767,1958,788,4719,4004,645
UCR_2013,TEXAS,CORPUS CHRISTI,314523,1C,21771,19782,1940,3870,926,831,91,927,832,91,4450,4196,247
UCR_2013,TEXAS,DALLAS,1255015,1A,57643,27916,29255,11562,1949,644,1294,1978,660,1307,10127,6438,3598
UCR_2013,TEXAS,EL PASO,679700,1B,27940,25833,2077,8611,1915,1761,154,1992,1830,162,3068,2923,143
UCR_2013,TEXAS,FORT WORTH,789035,1B,39575,24143,15047,11591,1371,717,639,1430,750,665,6639,4760,1810
UCR_2013,TEXAS,HOUSTON,2180606,1A,116404,53289,61839,22141,6062,2585,3415,6062,2585,3415,12644,7017,5517
UCR_2013,TEXAS,PLANO,275795,1C,10296,7402,2486,1748,383,289,77,388,293,78,1152,935,171
UCR_2013,TEXAS,SAN ANTONIO,1399725,1A,84815,72488,12284,24403,5903,4956,943,5916,4968,944,2745,2445,297
UCR_2013,VA,VIRGINIA BEACH,450687,1C,27736,16278,11073,5693,1100,560,522,1240,608,610,5518,3615,1856
UCR_2013,WASH,SEATTLE,642814,1B,16417,8627,6102,6751,34,18,13,73,34,35,503,325,132
UCR_2013,WIS,MILWAUKEE,600805,1B,46712,10080,36063,12103,2258,346,1902,2677,377,2288,10633,2493,7980
UCR_2014,ALASKA,ANCHORAGE,301306,1C,15760,8024,2112,4860,251,154,42,262,162,44,1080,465,114
UCR_2014,ARIZ,MESA,462092,1C,30023,24473,3373,7234,1457,1137,228,1503,1170,238,3390,2665,350
UCR_2014,ARIZ,PHOENIX,1529852,1A,70513,52601,12609,19663,1816,1358,371,2242,1692,458,6812,4793,1146
UCR_2014,ARIZ,TUCSON,527328,1B,41154,33737,4895,10075,2364,1936,329,2382,1952,330,5345,4098,634
UCR_2014,CALIF,ANAHEIM,346956,1C,11798,10621,789,2689,26,25,1,66,63,2,881,791,54
UCR_2014,CALIF,BAKERSFIELD,367406,1C,29135,22878,5943,6819,53,47,5,138,98,39,3010,2356,620
UCR_2014,CALIF,FRESNO,513187,1B,41300,31492,7671,7595,323,242,56,489,324,86,1627,1232,340
UCR_2014,CALIF,LONG BEACH,471123,1C,24098,16105,7645,4165,57,38,18,224,117,106,2809,1931,842
UCR_2014,CALIF,LOS ANGELES,3906772,1A,111966,79949,31548,23946,513,429,84,1397,1001,396,9055,7184,1766
UCR_2014,CALIF,OAKLAND,409994,1C,13028,3710,8642,3805,34,11,22,298,73,212,915,350,508
UCR_2014,CALIF,RIVERSIDE,319453,1C,15851,13354,2345,3086,32,29,3,63,56,6,750,643,100
UCR_2014,CALIF,SACRAMENTO,482767,1C,30280,17219,11205,6022,138,83,49,376,155,157,2171,1491,561
UCR_2014,CALIF,SAN DIEGO,1368690,1A,53081,38386,11980,10325,189,148,29,404,299,81,5037,4091,746
UCR_2014,CALIF,SAN FRANCISCO,850294,1B,16962,9113,6822,4172,24,14,9,171,86,67,1687,1145,427
UCR_2014,CALIF,SAN JOSE,1009679,1A,25174,19723,3210,5987,212,182,21,369,279,52,1511,1282,131
UCR_2014,CALIF,SANTA ANA,336462,1C,12945,11915,714,1867,158,154,2,182,175,2,1021,969,27
UCR_2014,CALIF,STOCKTON,299519,1C,9198,5515,3034,2759,30,20,8,86,54,24,1327,886,357
UCR_2014,COLO,AURORA,350948,1C,23707,13757,9450,5668,357,178,170,489,286,190,3494,1802,1610
UCR_2014,COLO,COLORADO SPRINGS,444949,1C,21520,16874,4266,5741,257,200,53,266,206,56,1400,1046,321
UCR_2014,COLO,DENVER,665353,1B,36471,25792,9731,9699,713,508,193,781,557,210,6131,4171,1618
UCR_2014,GA,ATLANTA,454363,1C,36033,4505,31398,8177,3146,206,2929,3330,219,3100,6680,1064,5601
UCR_2014,ILL,CHICAGO,2724121,1A,100346,26252,73447,33822,NA,NA,NA,NA,NA,NA,11991,4212,7721
UCR_2014,IND,INDIANAPOLIS,858238,1B,33825,15406,18256,12043,NA,NA,NA,NA,NA,NA,2786,1425,1327
UCR_2014,KANS,WICHITA,387493,1C,11931,7854,3810,4635,557,320,220,588,335,234,916,565,338
UCR_2014,KY,LOUISVILLE METRO,677710,1B,50008,28628,21187,11369,3625,1782,1830,4157,2008,2133,3515,1915,1581
UCR_2014,MASS,BOSTON,654413,1B,19052,9066,9674,7414,53,19,34,382,126,247,1155,533,603
UCR_2014,MD,BALTIMORE,623513,1B,73165,11539,61249,13105,3666,286,3361,3722,288,3415,1739,285,1443
UCR_2014,MICH,DETROIT,684694,1B,17787,1581,16177,6171,800,48,751,1103,64,1038,645,72,572
UCR_2014,MINN,MINNEAPOLIS,404461,1C,21198,6424,12977,4937,797,231,544,813,235,555,4480,1564,2471
UCR_2014,MINN,ST. PAUL,297984,1C,11642,3880,5983,3412,315,66,223,315,66,223,934,388,462
UCR_2014,MO,KANSAS CITY,468417,1C,14737,5943,8710,5382,1007,273,730,1031,277,748,1479,676,794
UCR_2014,MO,ST. LOUIS,318574,1C,23595,5865,17634,6005,85,9,76,138,31,107,3691,1167,2510
UCR_2014,N C,CHARLOTTE-MECKLENBURG,856916,1B,31748,9060,22344,11232,2649,654,1979,3010,713,2273,1005,298,698
UCR_2014,N C,GREENSBORO,282203,1C,18396,5121,13077,5587,622,168,446,781,186,584,1241,352,870
UCR_2014,N J,NEWARK,279110,1C,17084,3872,13175,2046,1024,173,849,1197,189,1006,774,213,561
UCR_2014,N MEX,ALBUQUERQUE,558874,1B,27725,22259,2039,11635,61,50,8,71,56,10,1771,1236,118
UCR_2014,N Y,BUFFALO,258419,1C,20255,8162,11908,5739,1963,487,1463,2045,495,1537,1110,452,649
UCR_2014,NEBR,LINCOLN,271208,1C,20032,15180,4260,4105,1416,1029,363,1483,1084,373,2680,1982,573
UCR_2014,NEV,HENDERSON,274121,1C,10531,8341,1841,2838,303,231,62,303,231,62,192,163,23
UCR_2014,NEV,LAS VEGAS METRO PD,1530899,1A,86532,51615,31532,21038,3048,1556,1415,3705,1788,1829,5335,3492,1655
UCR_2014,OHIO,CLEVELAND,388655,1C,11799,2787,8995,4687,273,34,238,303,40,262,442,101,341
UCR_2014,OHIO,COLUMBUS,830811,1B,10308,4722,5534,2995,329,100,228,339,102,236,325,151,173
UCR_2014,OKLA,OKLAHOMA CITY,617975,1B,28085,16796,9809,6510,1688,886,745,1786,934,792,3190,1795,1017
UCR_2014,OKLA,TULSA,399556,1C,17416,10499,5952,5886,577,283,273,760,331,405,3011,1874,840
UCR_2014,PA,PHILADELPHIA,1559062,1A,113716,36635,76159,19884,2855,464,2373,4557,808,3718,18645,4584,13853
UCR_2014,PA,PITTSBURGH,307613,1C,20053,8518,11441,5397,953,254,697,1080,286,790,2911,1537,1347
UCR_2014,TENN,MEMPHIS,654922,1B,47186,5973,41025,14050,1682,128,1550,2305,156,2142,5430,778,4622
UCR_2014,TEXAS,ARLINGTON,382976,1C,20807,12159,8364,4969,1657,821,815,1679,831,827,1889,1405,466
UCR_2014,TEXAS,AUSTIN,903924,1B,45888,33629,11739,9068,2551,1690,840,2583,1713,849,3902,3256,586
UCR_2014,TEXAS,CORPUS CHRISTI,319211,1C,22838,20728,2061,3986,944,838,105,951,845,105,5137,4720,406
UCR_2014,TEXAS,DALLAS,1272396,1A,42451,20820,21212,10263,1882,678,1195,1920,700,1211,8416,4816,3490
UCR_2014,TEXAS,EL PASO,680273,1B,27815,25473,2288,8067,2064,1910,153,2114,1951,162,2485,2358,123
UCR_2014,TEXAS,FORT WORTH,804907,1B,26636,15622,10782,11793,1322,688,625,1375,710,656,658,429,225
UCR_2014,TEXAS,HOUSTON,2219933,1A,91086,40037,49208,17823,4523,1856,2591,4546,1865,2604,5672,2848,2724
UCR_2014,TEXAS,PLANO,277822,1C,4791,3381,1182,1732,317,211,88,320,214,88,120,94,23
UCR_2014,TEXAS,SAN ANTONIO,1428465,1A,83207,71948,11198,24813,5134,4354,776,5153,4367,782,2622,2303,312
UCR_2014,VA,VIRGINIA BEACH,451102,1C,27100,15636,11163,5261,1250,575,666,1379,617,751,4982,3192,1747
UCR_2014,WASH,SEATTLE,663410,1B,14021,7495,5189,6111,20,8,12,40,19,16,415,239,141
UCR_2014,WIS,MILWAUKEE,600374,1B,36361,8206,27634,10109,1775,309,1446,2171,341,1805,7517,1894,5509
UCR_2015,ALASKA,ANCHORAGE,301239,1C,15333,7508,2184,4624,119,67,23,128,72,24,914,368,112
UCR_2015,ARIZ,MESA,471034,1C,31014,24760,3745,6924,1210,937,204,1261,980,211,3549,2600,428
UCR_2015,ARIZ,PHOENIX,1559744,1A,60629,45276,10738,18317,1393,1047,283,1654,1241,345,5163,3615,853
UCR_2015,ARIZ,TUCSON,529675,1B,40494,32691,5193,10669,1905,1563,276,1929,1584,279,4964,3785,653
UCR_2015,CALIF,ANAHEIM,349471,1C,12313,11043,848,2842,15,14,0,43,40,2,696,640,42
UCR_2015,CALIF,BAKERSFIELD,373887,1C,30743,24310,6124,5798,31,27,4,65,49,16,2705,2140,547
UCR_2015,CALIF,FRESNO,520837,1B,29717,22746,5589,7556,165,132,23,287,196,35,1600,1224,306
UCR_2015,CALIF,LONG BEACH,476318,1C,19387,12802,6254,3939,49,33,13,169,104,61,2299,1587,681
UCR_2015,CALIF,LOS ANGELES,3962726,1A,90474,62240,27762,23388,175,132,43,1059,715,342,6622,4953,1532
UCR_2015,CALIF,OAKLAND,419481,1C,13863,3968,9134,4160,23,7,16,262,45,200,861,294,529
UCR_2015,CALIF,RIVERSIDE,323064,1C,11303,9359,1848,2711,17,15,2,40,33,6,463,385,76
UCR_2015,CALIF,SACRAMENTO,489717,1C,26112,14446,10281,5863,77,40,36,297,107,138,1868,1248,530
UCR_2015,CALIF,SAN DIEGO,1400467,1A,47185,33512,11305,9436,103,84,9,228,168,40,4040,3250,590
UCR_2015,CALIF,SAN FRANCISCO,863782,1B,18918,10296,7615,5376,16,8,8,153,64,84,1663,1113,442
UCR_2015,CALIF,SAN JOSE,1031458,1A,22506,17454,2716,5548,89,75,9,246,180,29,1123,961,97
UCR_2015,CALIF,SANTA ANA,337304,1C,11721,10718,663,2203,117,116,0,137,131,0,928,879,39
UCR_2015,CALIF,STOCKTON,304890,1C,7394,4375,2415,2407,33,19,8,96,56,25,974,634,252
UCR_2015,COLO,AURORA,360237,1C,22554,13518,8536,5750,302,178,120,415,259,139,3150,1679,1407
UCR_2015,COLO,COLORADO SPRINGS,452410,1C,23559,18977,4156,5945,271,218,50,282,227,52,1571,1202,332
UCR_2015,COLO,DENVER,682418,1B,38050,27106,9966,9746,1020,741,253,1078,783,264,5601,3871,1421
UCR_2015,GA,ATLANTA,464710,1C,32603,3807,28648,6845,2794,143,2643,2927,158,2760,6891,1027,5828
UCR_2015,ILL,CHICAGO,2728695,1A,84215,22707,60895,30058,NA,NA,NA,NA,NA,NA,8583,3115,5414
UCR_2015,IND,INDIANAPOLIS,863675,1B,39620,18161,21271,11545,NA,NA,NA,NA,NA,NA,2179,1145,995
UCR_2015,KANS,WICHITA,389824,1C,11561,7690,3661,5137,445,256,181,478,270,199,864,535,309
UCR_2015,KY,LOUISVILLE METRO,680550,1B,57291,32338,24676,9864,3267,1392,1855,3362,1435,1905,2342,1272,1059
UCR_2015,MASS,BOSTON,665258,1B,16109,7546,8244,6388,47,16,29,263,74,177,781,328,430
UCR_2015,MD,BALTIMORE,621252,1B,46276,7273,38676,11397,499,22,475,533,26,505,1195,145,1044
UCR_2015,MICH,DETROIT,673225,1B,14292,1566,12707,4802,686,22,663,868,30,837,532,58,473
UCR_2015,MINN,MINNEAPOLIS,413479,1C,18885,5665,11587,5048,740,195,510,754,198,521,3336,1101,1929
UCR_2015,MINN,ST. PAUL,300721,1C,11607,3743,5882,3472,337,77,218,339,78,219,923,297,507
UCR_2015,MO,KANSAS CITY,473373,1C,12755,5343,7334,4990,768,266,499,780,270,507,1245,540,699
UCR_2015,MO,ST. LOUIS,317095,1C,25308,6969,18220,6037,158,10,147,162,10,151,4203,1348,2840
UCR_2015,N C,CHARLOTTE-MECKLENBURG,877817,1B,32022,9090,22614,11531,2164,572,1576,2402,599,1781,869,228,635
UCR_2015,N C,GREENSBORO,285950,1C,14175,3927,10038,5275,171,45,123,205,50,152,1079,306,753
UCR_2015,N J,NEWARK,280888,1C,10816,2756,7888,1765,371,61,310,490,82,408,894,251,642
UCR_2015,N MEX,ALBUQUERQUE,559721,1B,23957,19384,1835,11120,62,49,8,72,59,8,1455,1056,130
UCR_2015,N Y,BUFFALO,258096,1C,13358,5226,7959,5196,NA,NA,NA,NA,NA,NA,1116,377,720
UCR_2015,NEBR,LINCOLN,276585,1C,17888,13401,3914,4351,1267,958,285,1306,991,291,2277,1718,465
UCR_2015,NEV,HENDERSON,282554,1C,10712,8316,2079,2730,340,259,73,343,261,74,245,193,49
UCR_2015,NEV,LAS VEGAS METRO PD,1562134,1A,79194,47565,28575,19753,2915,1486,1365,3231,1616,1543,4562,3157,1243
UCR_2015,OHIO,CLEVELAND,387921,1C,8113,2014,6080,3783,139,11,128,147,11,136,319,77,240
UCR_2015,OHIO,COLUMBUS,847745,1B,11040,5188,5800,2738,217,59,157,226,61,164,643,335,302
UCR_2015,OKLA,OKLAHOMA CITY,630621,1B,28824,17333,10010,6569,1823,961,796,1934,1023,841,3349,1861,1111
UCR_2015,OKLA,TULSA,401520,1C,18408,11727,5740,6344,548,316,213,683,368,294,2944,1815,845
UCR_2015,PA,PHILADELPHIA,1567810,1A,92827,31175,60828,18843,784,151,630,2346,436,1899,14064,3359,10582
UCR_2015,PA,PITTSBURGH,306870,1C,16754,7534,9146,4840,707,186,519,817,210,605,2330,1352,962
UCR_2015,TENN,MEMPHIS,657936,1B,40532,5830,34390,12115,1241,112,1121,1762,148,1604,4051,668,3337
UCR_2015,TEXAS,ARLINGTON,387565,1C,17892,10663,6959,5687,1210,616,579,1221,623,583,1405,1009,377
UCR_2015,TEXAS,AUSTIN,938728,1B,41705,30614,10583,8300,2207,1489,698,2244,1504,720,3274,2747,470
UCR_2015,TEXAS,CORPUS CHRISTI,324326,1C,27640,24745,2812,3800,1106,986,115,1118,997,116,5512,5004,496
UCR_2015,TEXAS,DALLAS,1301977,1A,35033,17668,16971,10762,1654,596,1052,1696,609,1081,5424,3538,1793
UCR_2015,TEXAS,EL PASO,686077,1B,26092,23909,2123,7300,1910,1733,175,1962,1777,183,2300,2170,129
UCR_2015,TEXAS,FORT WORTH,829731,1B,32754,20465,12003,10608,1139,577,552,1177,595,572,4302,3184,1057
UCR_2015,TEXAS,HOUSTON,2275221,1A,73431,31593,39525,18177,2291,882,1332,2354,905,1372,3687,1770,1778
UCR_2015,TEXAS,PLANO,282968,1C,10499,7423,2653,1751,279,179,90,284,181,92,1076,892,146
UCR_2015,TEXAS,SAN ANTONIO,1463586,1A,74698,65238,9436,21934,4553,3918,633,4566,3929,635,2419,2189,228
UCR_2015,VA,VIRGINIA BEACH,452797,1C,23680,13675,9691,5057,1066,489,559,1158,522,617,3693,2507,1162
UCR_2015,WASH,SEATTLE,683700,1B,15266,8373,5519,6442,15,4,11,76,25,48,491,310,141
UCR_2015,WIS,MILWAUKEE,600400,1B,30055,7123,22514,8529,1253,231,1007,1533,262,1252,5966,1600,4279
UCR_2016,ALASKA,ANCHORAGE,299097,1C,14100,6775,1955,4631,118,61,22,121,63,22,896,357,137
UCR_2016,ARIZ,MESA,478277,1C,26858,21523,3186,6001,776,600,123,795,612,130,3036,2244,365
UCR_2016,ARIZ,PHOENIX,1586611,1A,55197,41527,10144,18640,1618,1194,358,1818,1349,398,3571,2501,680
UCR_2016,ARIZ,TUCSON,533663,1B,40673,32578,5190,11148,1454,1187,196,1465,1193,201,4919,3782,592
UCR_2016,CALIF,ANAHEIM,353504,1C,14191,12744,996,3045,8,8,0,22,19,2,683,634,35
UCR_2016,CALIF,BAKERSFIELD,378788,1C,32381,26144,5844,5232,43,30,11,97,65,30,2473,1933,506
UCR_2016,CALIF,FRESNO,524796,1B,22998,17473,4483,6675,133,113,12,204,145,28,1329,1025,258
UCR_2016,CALIF,LONG BEACH,476476,1C,19149,12993,5866,4046,26,19,5,104,67,34,1960,1429,514
UCR_2016,CALIF,LOS ANGELES,4007905,1A,86600,59629,26450,25011,144,117,26,983,655,324,5434,3961,1354
UCR_2016,CALIF,OAKLAND,424998,1C,14163,4210,9294,4084,31,9,20,281,71,196,827,318,466
UCR_2016,CALIF,RIVERSIDE,325896,1C,12510,10386,1982,3268,20,15,5,35,27,7,431,340,89
UCR_2016,CALIF,SACRAMENTO,495471,1C,23680,12917,9218,5335,86,46,34,339,104,131,1719,1127,478
UCR_2016,CALIF,SAN DIEGO,1413414,1A,48012,33894,11762,8611,107,84,12,202,154,26,3040,2466,453
UCR_2016,CALIF,SAN FRANCISCO,871155,1B,17305,9741,6733,4670,8,4,3,118,54,55,1147,774,309
UCR_2016,CALIF,SAN JOSE,1041844,1A,17424,13742,2011,4539,62,60,0,199,154,19,863,734,74
UCR_2016,CALIF,SANTA ANA,337419,1C,10897,10148,464,1919,102,100,2,134,129,2,800,761,20
UCR_2016,CALIF,STOCKTON,308348,1C,7062,4039,2460,2427,35,18,14,88,45,35,1021,650,292
UCR_2016,COLO,AURORA,366477,1C,20718,12695,7558,5290,262,155,104,407,263,117,2850,1585,1211
UCR_2016,COLO,COLORADO SPRINGS,464113,1C,22226,17732,4157,5717,364,305,57,382,322,58,1317,970,321
UCR_2016,COLO,DENVER,699259,1B,37573,26910,9836,10218,462,346,111,555,409,132,4814,3353,1212
UCR_2016,GA,ATLANTA,472579,1C,29490,3300,26083,5878,2667,133,2529,2762,137,2620,6276,945,5315
UCR_2016,ILL,CHICAGO,2725153,1A,61507,16380,44620,27688,NA,NA,NA,NA,NA,NA,5254,1817,3401
UCR_2016,IND,INDIANAPOLIS,866351,1B,37235,17837,19171,10658,NA,NA,NA,NA,NA,NA,2231,1087,1107
UCR_2016,KANS,WICHITA,391399,1C,11690,7708,3793,4710,472,238,223,491,248,231,833,578,240
UCR_2016,KY,LOUISVILLE METRO,683825,1B,55593,32222,23167,9030,2862,1195,1652,2968,1251,1700,2089,1142,938
UCR_2016,MASS,BOSTON,673880,1B,13957,6438,7261,5985,33,10,22,248,72,171,797,416,367
UCR_2016,MD,BALTIMORE,618385,1B,41753,5982,35598,10632,471,21,449,511,21,489,884,128,752
UCR_2016,MICH,DETROIT,669673,1B,13842,1637,12176,5102,612,34,576,722,42,678,576,64,509
UCR_2016,MINN,MINNEAPOLIS,416751,1C,14165,4594,8293,4778,419,126,284,431,126,296,2282,728,1360
UCR_2016,MINN,ST. PAUL,303920,1C,10426,3299,5498,3349,218,51,143,231,53,153,800,187,548
UCR_2016,MO,KANSAS CITY,478364,1C,12611,5155,7395,4720,764,241,520,782,243,536,1110,435,668
UCR_2016,MO,ST. LOUIS,314507,1C,25184,7274,17838,5569,173,31,142,178,32,146,4401,1497,2886
UCR_2016,N C,CHARLOTTE-MECKLENBURG,896379,1B,29944,8748,20879,11102,1853,505,1331,2044,544,1482,854,225,615
UCR_2016,N C,GREENSBORO,288618,1C,13332,3820,9346,4400,544,128,411,637,147,482,715,191,512
UCR_2016,N J,NEWARK,281450,1C,12968,3499,9434,2144,414,97,316,560,117,442,664,188,472
UCR_2016,N MEX,ALBUQUERQUE,561560,1B,22015,17886,1637,10862,45,40,2,53,46,4,1177,940,75
UCR_2016,N Y,BUFFALO,257446,1C,12347,5012,7158,4730,143,39,100,143,39,100,975,404,552
UCR_2016,NEBR,LINCOLN,281138,1C,18079,13452,4042,4150,1342,984,329,1395,1026,340,2121,1545,493
UCR_2016,NEV,HENDERSON,291584,1C,11713,8926,2431,2971,404,298,89,404,298,89,204,166,35
UCR_2016,NEV,LAS VEGAS METRO PD,1592178,1A,84512,49705,31582,18914,3287,1511,1703,3799,1697,2016,3963,2605,1218
UCR_2016,OHIO,CLEVELAND,386227,1C,5147,1456,3680,2260,97,16,80,109,18,90,177,48,126
UCR_2016,OHIO,COLUMBUS,862515,1B,11241,5076,6097,2857,252,61,190,261,61,199,579,307,264
UCR_2016,OKLA,OKLAHOMA CITY,641681,1B,28068,16721,9770,6138,1773,886,791,1902,955,847,2727,1415,1002
UCR_2016,OKLA,TULSA,405748,1C,17542,11144,5523,5493,640,342,273,803,402,374,2434,1526,688
UCR_2016,PA,PHILADELPHIA,1570826,1A,75142,27414,46929,17699,636,125,506,2145,348,1764,8069,2234,5755
UCR_2016,PA,PITTSBURGH,302443,1C,15105,6888,8112,4590,544,160,382,621,179,438,2198,1281,881
UCR_2016,TENN,MEMPHIS,656434,1B,38857,5361,33309,10983,1464,118,1344,1942,145,1791,3069,510,2520
UCR_2016,TEXAS,ARLINGTON,392666,1C,14805,8464,6119,3847,1156,521,622,1158,521,624,1502,1029,442
UCR_2016,TEXAS,AUSTIN,956911,1B,39378,28778,10133,7373,2070,1410,643,2104,1428,659,2935,2446,440
UCR_2016,TEXAS,CORPUS CHRISTI,327948,1C,29318,26344,2899,3690,1227,1114,110,1229,1116,110,4959,4513,430
UCR_2016,TEXAS,DALLAS,1320939,1A,44224,22030,21776,10314,1997,754,1231,2044,779,1253,7215,4281,2834
UCR_2016,TEXAS,EL PASO,687193,1B,25547,23321,2159,6474,2009,1805,198,2074,1863,205,2021,1909,105
UCR_2016,TEXAS,FORT WORTH,851849,1B,29993,18226,11450,10082,988,511,465,1023,530,481,3642,2655,946
UCR_2016,TEXAS,HOUSTON,2334348,1A,78169,31318,43035,16868,2685,924,1635,2766,945,1690,3471,1545,1740
UCR_2016,TEXAS,PLANO,288242,1C,10608,7480,2718,1435,347,238,100,356,246,101,920,735,151
UCR_2016,TEXAS,SAN ANTONIO,1498642,1A,60771,52408,8319,18428,3530,2979,548,3532,2981,548,1800,1643,154
UCR_2016,VA,VIRGINIA BEACH,453017,1C,22575,12563,9694,4535,991,444,535,1064,475,577,3525,2247,1243
UCR_2016,WASH,SEATTLE,700313,1B,15598,8669,5446,6388,17,7,7,49,16,23,467,268,149
UCR_2016,WIS,MILWAUKEE,600193,1B,27086,6177,20552,7551,1023,156,860,1232,185,1039,4999,1302,3606
